Date,Open,High,Low,Close,Volume,Dividends,Stock Splits,SMA_50,SMA_200,RSI,Middle Band,Upper Band,Lower Band,Daily Return,Volatility,Sharpe Ratio
2024-04-01 00:00:00-04:00,46.01918146658498,46.01918146658498,45.494321383679825,45.55992889404297,4687100,0.0,0.0,,,,,,,,,
2024-04-02 00:00:00-04:00,45.62554178058119,45.72864033054054,45.28812964447478,45.60679626464844,2979000,0.0,0.0,,,,,,,0.0010286971850739235,,
2024-04-03 00:00:00-04:00,45.71926549747817,45.80361853097447,45.22252184207863,45.353736877441406,3801800,0.0,0.0,,,,,,,-0.0055487209787455916,,
2024-04-04 00:00:00-04:00,45.01632347636469,45.38185208611278,44.96946147581725,45.25063705444336,3416500,0.0,0.0,,,,,,,-0.0022732376667583543,,
2024-04-05 00:00:00-04:00,45.306875204057555,45.34436623595918,44.92260106541983,45.025699615478516,3428200,0.0,0.0,,,,,,,-0.004970923142898709,,
2024-04-08 00:00:00-04:00,45.0163262497308,45.14754128948412,44.716405137339876,44.83824920654297,4676400,0.0,0.0,,,,,,,-0.0041631870362122125,,
2024-04-09 00:00:00-04:00,44.82887414504603,44.96946014252013,44.716401056657126,44.89448165893555,2935700,0.0,0.0,,,,,,,0.0012541179325167295,,
2024-04-10 00:00:00-04:00,44.744529019468345,44.75389999081856,44.02284266387379,44.275901794433594,5594000,0.0,0.0,,,,,,,-0.013778527819996222,,
2024-04-11 00:00:00-04:00,44.332132601296415,44.38836915266855,43.86350539922068,44.30401611328125,8085400,0.0,0.0,,,,,,,0.000634980151916098,,
2024-04-12 00:00:00-04:00,44.378991963070234,44.82887719656703,43.844757270552094,44.11656188964844,7885700,0.0,0.0,,,,,,,-0.004231088738174682,,
2024-04-15 00:00:00-04:00,44.16342331655478,44.35087489884572,43.45111159425909,43.610443115234375,9257500,0.0,0.0,,,,,,,-0.011472307739665899,,
2024-04-16 00:00:00-04:00,43.5542046022265,43.56357557124515,42.66381238112834,42.69192886352539,8639000,0.0,0.0,,,,,,,-0.021061795893289603,,
2024-04-17 00:00:00-04:00,42.87001503805923,43.094954077222965,42.54197387421157,43.01060104370117,11511700,0.0,0.0,,,,,,,0.007464459645158961,,
2024-04-18 00:00:00-04:00,43.01059628300653,43.797889983619896,43.01059628300653,43.74165344238281,14627800,0.0,0.0,,,28.25108915661771,,,,0.016997028196347408,,
2024-04-19 00:00:00-04:00,43.77914448355021,44.9975742746717,43.72291151763673,44.960086822509766,11703500,0.0,0.0,,,44.444452295671226,,,,0.027855220007444226,,
2024-04-22 00:00:00-04:00,44.98820807216087,45.40997323790569,44.6039339378915,45.39122772216797,18561500,0.0,0.0,,,48.13614241178093,,,,0.009589414303407207,,
2024-04-23 00:00:00-04:00,45.40059878579835,45.52244285067351,45.1756597471659,45.37248229980469,13384400,0.0,0.0,,,50.168921938401596,,,,-0.0004129745614729341,,
2024-04-24 00:00:00-04:00,45.40059799978008,45.85985418999439,45.26001199690415,45.794246673583984,7043200,0.0,0.0,,,54.63260717764136,,,,0.009295598397998983,,
2024-04-25 00:00:00-04:00,45.5505583373949,46.53467822968265,45.43808882054599,46.41283416748047,9030800,0.0,0.0,,,61.07782679876948,,,,0.013507974010484425,,
2024-04-26 00:00:00-04:00,46.51593608189699,46.55342353999959,45.81299529385345,45.88797378540039,9400200,0.0,0.0,,,57.95454348362748,44.80497436523437,46.77550083739588,42.83444789307286,-0.011308518247046151,,
2024-04-29 00:00:00-04:00,45.91608713195631,46.08478960709606,45.719261022834374,46.06604766845703,12512100,0.0,0.0,,,58.71686391691364,44.83028030395508,46.85391283601824,42.80664777189192,0.0038806220533820213,,
2024-04-30 00:00:00-04:00,46.159776663700896,46.1691476340356,45.82236452618568,45.87860107421875,13542600,0.0,0.0,,,62.74212704216501,44.84387054443359,46.892951286997516,42.79478980186967,-0.004069083494797621,,
2024-05-01 00:00:00-04:00,45.83173888491059,46.169147445707885,45.541188750937316,45.91609191894531,6890900,0.0,0.0,,,62.79759381155077,44.87198829650879,46.965479931082086,42.77849666193549,0.0008171749758871805,,
2024-05-02 00:00:00-04:00,46.112913177759594,46.7221263394805,46.02856014609467,46.70338439941406,11044800,0.0,0.0,,,68.75,44.94462566375732,47.18882156362037,42.70042976389427,0.017146330350992,,
2024-05-03 00:00:00-04:00,46.81585438380146,47.209499485272524,46.52530425509078,46.609657287597656,5589800,0.0,0.0,,,73.12138354348335,45.02382354736328,47.38862168509123,42.659025409635326,-0.0020068590964380517,,
2024-05-06 00:00:00-04:00,46.909581593074584,47.09703318649716,46.78773752104865,46.993934631347656,12390000,0.0,0.0,,,86.14180405046383,45.13160781860351,47.65216892855248,42.61104670865455,0.008244586339240412,,
2024-05-07 00:00:00-04:00,47.24699119676408,47.43444278007194,47.14389264717768,47.40632629394531,18787200,0.0,0.0,,,86.35664637936311,45.257200050354,47.970926624667015,42.54347347604099,0.008775423165409357,,
2024-05-08 00:00:00-04:00,47.05017082147565,48.315462810535166,47.05017082147565,47.9405632019043,11410500,0.0,0.0,,,85.89751366638815,45.44043312072754,48.36209400364239,42.51877223781269,0.011269316771066018,,
2024-05-09 00:00:00-04:00,47.97804867825086,48.156129292185845,47.81871715561596,47.93118667602539,12333600,0.0,0.0,,,82.02022045824926,45.62179164886474,48.69291615880668,42.550667138922805,-0.00019558647735151702,,
2024-05-10 00:00:00-04:00,48.727857434140944,49.05589504134501,48.22173920416173,48.42793273925781,12335000,0.0,0.0,,,82.27092441008212,45.83736019134521,49.064886296256816,42.60983408643361,0.010363733879363624,,
2024-05-13 00:00:00-04:00,48.69036455584251,48.77471759097686,48.22173737739425,48.43730545043945,11278700,0.0,0.0,,,82.63474513276493,46.07870330810547,49.326893679964186,42.83051293624675,0.00019353936151067508,0.010258069312340894,0.13385742200107262
2024-05-14 00:00:00-04:00,48.38482217208798,48.44207233633923,47.812335088711905,48.184452056884766,24485800,0.915,0.0,,,76.40099573928754,46.353329467773435,49.31169190203952,43.39496703350735,-0.005220220059792613,0.010343538978343487,0.1327513451375974
2024-05-15 00:00:00-04:00,48.270324072723895,48.394364271751286,47.879123727899675,48.022247314453125,14363200,0.0,0.0,,,69.7699570204064,46.603911781311034,49.19649991853172,44.011323644090346,-0.0033663295006477467,0.01029701797852135,0.1333511037586289
2024-05-16 00:00:00-04:00,47.87912987879235,48.12720666893283,47.545179653644695,47.76463317871094,7010600,0.0,0.0,,,74.67273042776999,46.80506076812744,49.06560197019413,44.54451956606075,-0.005364474803840613,0.010356123341489,0.13259003080402104
2024-05-17 00:00:00-04:00,47.898207896507735,47.898207896507735,47.62150423254362,47.74554443359375,16220000,0.0,0.0,,,73.04393248499923,46.94433364868164,49.06517573364838,44.8234915637149,-0.00039964182381069246,0.010285607087806962,0.13349904396853995
2024-05-21 00:00:00-04:00,47.669211600450886,48.098578733798014,47.573798299611134,47.89820861816406,14186900,0.0,0.0,,,77.977543052699,47.06968269348145,49.09836412873506,45.04100125822784,0.003197454053176507,0.010220910771987415,0.13434406614932912
2024-05-22 00:00:00-04:00,47.755086485294854,48.04133003633852,47.640589792834234,47.821876525878906,15903100,0.0,0.0,,,76.1196761011682,47.192152404785155,49.080297387997454,45.304007421572855,-0.0015936314632069015,0.010243709246895615,0.1340450690041203
2024-05-23 00:00:00-04:00,47.82187523948873,47.94591544285857,47.058557910643835,47.18259811401367,13817900,0.0,0.0,,,56.8455893812524,47.26156997680664,49.0317177187097,45.49142223490358,-0.013367907290699588,0.010221931677542005,0.13433064866546357
2024-05-24 00:00:00-04:00,47.268469905260446,47.38296659067897,47.18259648125055,47.25892639160156,9148900,0.0,0.0,,,59.32117250428813,47.3038745880127,49.0284718893348,45.57927728669059,0.0016177209530396919,0.010218409978817624,0.13437694472082162
2024-05-27 00:00:00-04:00,47.24938960038653,47.42113645961148,47.23030621160773,47.297096252441406,7097500,0.0,0.0,,,54.83255823004028,47.37433071136475,48.965332372175986,45.78332905055351,0.0008076751579915165,0.010150158426057302,0.13528052028559698
2024-05-28 00:00:00-04:00,47.02038968667735,47.27800995969088,46.89635312691025,47.06809997558594,7247200,0.0,0.0,,,44.27368312278798,47.42443332672119,48.90095677934539,45.94790987409699,-0.004841656148048323,0.009907575720950721,0.13859280529692533
2024-05-29 00:00:00-04:00,46.96314701215276,46.972686886845835,46.581486508312,46.68644332885742,11118300,0.0,0.0,,,27.61045626288849,47.46482543945312,48.800803581636465,46.12884729726978,-0.00810860533836033,0.009089597229844017,0.1510648577859848
2024-05-30 00:00:00-04:00,46.71506573393813,47.02039267548406,46.56240226316517,46.67689895629883,7344000,0.0,0.0,,,27.60880164962832,47.5028657913208,48.68797425544571,46.31775732719589,-0.00020443563223193628,0.009068269237946666,0.1514201527136378
2024-05-31 00:00:00-04:00,46.77231658031513,47.61196750166437,46.54331955093468,47.5451774597168,12935800,0.0,0.0,,,36.08687130315372,47.54495544433594,48.668715939911394,46.42119494876049,0.018601889217852552,0.009159367455631338,0.14991414194372676
2024-06-03 00:00:00-04:00,47.19213707585814,47.63104407648561,47.19213707585814,47.411590576171875,11680000,0.0,0.0,,,34.44282055999713,47.58505210876465,48.622186576047326,46.54791764148197,-0.0028096831410105993,0.007893089511443487,0.1739646700911608
2024-06-04 00:00:00-04:00,47.411593059689366,47.411593059689366,46.772315913086715,47.0108528137207,4223800,0.0,0.0,,,32.96406224043413,47.5858980178833,48.6210281330098,46.5507679027568,-0.008452316355160971,0.007966214440431493,0.17236778185246698
2024-06-05 00:00:00-04:00,47.192140192850076,47.4688438749154,47.096726887206174,47.40205383300781,5858100,0.0,0.0,,,41.55849550354109,47.58568439483643,48.6209722983459,46.55039649132696,0.008321504415953251,0.008064245017525814,0.1702724445839759
2024-06-06 00:00:00-04:00,47.35434337434505,47.640586908055816,47.14442975105794,47.211219787597656,5140200,0.0,0.0,,,42.327975174356986,47.549217224121094,48.58325251197929,46.5151819362629,-0.004025860273532578,0.007986064187420637,0.17193935343284059
2024-06-07 00:00:00-04:00,47.08718574239295,47.23030934784567,46.781858781226,46.95360565185547,7011900,0.0,0.0,,,39.702302177971866,47.5003381729126,48.550642077647716,46.45003426817748,-0.005456629523684975,0.007711550607678679,0.17806000151136947
2024-06-10 00:00:00-04:00,47.06810002653424,47.12534654963209,46.7818528519089,46.82956314086914,7769600,0.0,0.0,46.28763214111328,,36.00003598204496,47.420419692993164,48.41531985554647,46.42551953043986,-0.0026418101286205253,0.007413813836341045,0.1852108433216265
2024-06-11 00:00:00-04:00,46.77231673227287,46.78185660696025,46.44790639613744,46.54331970214844,5167300,0.0,0.0,46.30729995727539,,34.12327124106844,47.325720405578615,48.2724670491052,46.37897376205203,-0.006112451612235836,0.007490254887884879,0.1833206924745939
2024-06-12 00:00:00-04:00,46.79140014940285,47.020393539879855,46.61965328665294,46.68644332885742,4731700,0.0,0.0,46.32889289855957,,42.9730232035459,47.25081996917724,48.14720068690487,46.35443925144962,0.00307506270770741,0.0074577317193843425,0.1841201540260854
2024-06-13 00:00:00-04:00,46.51469349311883,46.57194365697109,46.342946641346124,46.362030029296875,2668800,0.0,0.0,46.34905876159668,,38.13140083352179,47.167809104919435,48.07086225300712,46.26475595683175,-0.006948768773739955,0.007583961865933077,0.18105559299108223
2024-06-14 00:00:00-04:00,46.285697312701686,46.29524082674131,45.904040466152,46.037620544433594,8310200,0.0,0.0,46.36479843139649,,34.507081908380044,47.081458473205565,48.07041297373268,46.09250397267845,-0.006997309752361569,0.006998545046948836,0.19620059650211266
2024-06-17 00:00:00-04:00,45.88495956369015,45.942209731677025,45.58917248876786,45.63688278198242,4975800,0.0,0.0,46.37702209472656,,33.108190243959555,46.976025390625,48.10638288753288,45.84566789371711,-0.008704571559348895,0.007154846122207896,0.19191449954405737
2024-06-18 00:00:00-04:00,45.58917013762509,45.78000038128873,45.43650667065101,45.560546875,3755500,0.0,0.0,46.3914680480957,,35.67963591020025,46.8591423034668,48.0686691999406,45.64961540699299,-0.0016726801290766202,0.006954677587231883,0.197438155203511
2024-06-19 00:00:00-04:00,45.465131309588635,45.646418030162486,45.34109111141496,45.388797760009766,1856400,0.0,0.0,46.40135437011719,,34.26576554747464,46.73748836517334,48.02615148456398,45.4488252457827,-0.0037696894960774774,0.0067192632564665,0.20435554620319465
2024-06-20 00:00:00-04:00,45.417423295270595,45.70367048073984,45.23613656561968,45.36971664428711,5687200,0.0,0.0,46.42323066711426,,16.47060760279578,46.64684429168701,48.05332926070492,45.2403593226691,-0.00042039262250448406,0.006282353828406439,0.21856755451269586
2024-06-21 00:00:00-04:00,45.32201385498047,45.512844114958334,45.255223809955886,45.32201385498047,13741800,0.0,0.0,46.44359062194824,,16.91850563467044,46.549998664855956,48.04309855072467,45.05689877898724,-0.0010514235669718541,0.006276679948287018,0.21876513127501565
2024-06-24 00:00:00-04:00,45.41742101436247,45.85633164480684,45.24567416761988,45.77045822143555,8882100,0.0,0.0,46.47666854858399,,30.654699577352176,46.473666763305665,47.962035481224504,44.98529804538683,0.009894625774794497,0.006245723666128068,0.2198494179793756
2024-06-25 00:00:00-04:00,45.71320806269159,45.856331648249146,45.39834127016253,45.579627990722656,3964500,0.0,0.0,46.51605224609375,,19.682442980619115,46.3992431640625,47.911131065978566,44.88735526214643,-0.004169288185616682,0.006247035321215754,0.21980325742596268
2024-06-26 00:00:00-04:00,45.51283857441646,46.28569575555494,45.37925850062877,46.20936584472656,3989200,0.0,0.0,46.58640098571777,,35.45704837277091,46.37538928985596,47.88324682872623,44.86753175098569,0.013816213114597797,0.006847286473262423,0.20053472543029716
2024-06-27 00:00:00-04:00,46.19028241776517,46.266615968312614,45.94220565805401,46.06624221801758,2961400,0.0,0.0,46.6475138092041,,36.67612520090316,46.3448564529419,47.8517376481838,44.837975257699995,-0.0030972861040748922,0.006844759517567849,0.20060875905632672
2024-06-28 00:00:00-04:00,46.13303517960313,46.55286245466231,46.13303517960313,46.43836212158203,6439400,0.0,0.0,46.70144798278809,,44.53332480423044,46.28951568603516,47.68819948310267,44.89083188896765,0.00807793051152994,0.0070117067671508545,0.1958323070912195
2024-07-02 00:00:00-04:00,46.33340972866453,46.8772735807778,46.33340972866453,46.68644332885742,6193500,0.0,0.0,46.73597511291504,,52.02158280358765,46.253258323669435,47.564321395571326,44.942195251767544,0.005342161005288615,0.007104003424890923,0.19328801391721614
2024-07-03 00:00:00-04:00,46.83910690101921,47.12535045961008,46.571946731638974,46.59103012084961,3375800,0.0,0.0,46.759971160888675,,48.63390186727023,46.232267189025876,47.50514524733888,44.95938913071287,-0.0020437026512327705,0.007068619968735035,0.19425555751075332
2024-07-04 00:00:00-04:00,46.7436912210632,46.753231095291916,46.562400852660424,46.70552444458008,1871200,0.0,0.0,46.78663200378418,,55.2325885463579,46.197440719604494,47.36969469755411,45.02518674165488,0.002457432759771283,0.007093520558087186,0.19357365663694337
2024-07-05 00:00:00-04:00,46.70552382567655,46.75323047575622,46.22845004531169,46.26661682128906,6113800,0.0,0.0,46.79607940673828,,53.370805444499354,46.150210571289065,47.22232365380013,45.078097488778,-0.009397338505679698,0.006884174910437685,0.19946017216621928
2024-07-08 00:00:00-04:00,46.276157438446205,46.323864089291895,45.942207242742214,46.037620544433594,4252600,0.0,0.0,46.788575134277345,,56.212954759710875,46.10441131591797,47.108094754778335,45.10072787705761,-0.004949492584253479,0.006914567898944027,0.19858344482638846
2024-07-09 00:00:00-04:00,45.97082828140849,46.075785092062105,45.675041236819546,46.008995056152344,4728300,0.0,0.0,46.790995559692384,,57.057048043490795,46.063382911682126,47.00757843226449,45.119187391099764,-0.0006217847043945568,0.006907677217043051,0.19878153968607912
2024-07-10 00:00:00-04:00,46.037624252795204,46.495614689416755,45.96129069346606,46.46699142456055,6879400,0.0,0.0,46.79901443481445,,65.56484387906823,46.059566497802734,46.99618064839702,45.12295234720845,0.009954496242511546,0.007140611402858213,0.19229707869393955
2024-07-11 00:00:00-04:00,46.57194519042969,46.72460865927834,46.42882159597849,46.57194519042969,6239800,0.0,0.0,46.812881317138675,,66.93552980726759,46.05384159088135,46.97560428335287,45.13207889840982,0.0022586735799225988,0.007004441459084657,0.19603543278634347
2024-07-12 00:00:00-04:00,46.61965401976476,47.07764444770516,46.50515732272575,46.98223114013672,3575800,0.0,0.0,46.8342041015625,,71.21949078994841,46.08485164642334,47.08837336743263,45.081329925414046,0.008809723279313397,0.007188867200854169,0.19100627045873322
2024-07-15 00:00:00-04:00,47.12534806654204,47.12534806654204,46.66735766809695,46.70552444458008,5387700,0.0,0.0,46.83424690246582,,62.499974502544646,46.11824684143066,47.1589161023987,45.07757758046262,-0.005889603129559551,0.006376797736909708,0.21533044790028136
2024-07-16 00:00:00-04:00,46.9440628208724,47.12534955521783,46.63873587893048,46.9631462097168,4750900,0.0,0.0,46.8413166809082,,68.17040898838576,46.184560012817386,47.26436596777823,45.10475405785654,0.005515873511759972,0.006456814309798212,0.21266194859817494
2024-07-17 00:00:00-04:00,46.95360338586348,47.44022070909087,46.90589673294307,47.306640625,8346400,0.0,0.0,46.84757080078125,,65.58265670742674,46.27186470031738,47.419460779233304,45.124268621401455,0.007314126991179615,0.006411587705112975,0.21416204160527394
2024-07-18 00:00:00-04:00,47.21122059225388,47.621504332152895,47.087180390944305,47.45930099487305,8349600,0.0,0.0,46.848630294799804,,69.72971337558971,46.375389862060544,47.56051594124413,45.19026378287696,0.003227038907353208,0.006255422400960917,0.21950855191606858
2024-07-19 00:00:00-04:00,47.38296945757365,48.041329988294095,47.306639542604316,47.86958312988281,8408200,0.0,0.0,46.84721069335937,,70.05342791720918,46.50038318634033,47.763650165688816,45.23711620699184,0.008644925787130386,0.006396272129135343,0.21467484264836745
2024-07-22 00:00:00-04:00,48.050872661763734,48.318032819158134,47.964999234060656,48.193992614746094,11345500,0.0,0.0,46.85246681213379,,70.68055155812554,46.643982124328616,47.99325888618066,45.29470536247657,0.006776944014387443,0.00639460963400478,0.21473065463705543
2024-07-23 00:00:00-04:00,48.19399198798164,48.27032554040684,47.879125183687975,47.94591522216797,4410100,0.0,0.0,46.842826461791994,,67.83911521403925,46.75275497436523,48.15523076115863,45.350279187571836,-0.005147475424192582,0.006458366268438238,0.21261084549642853
2024-07-24 00:00:00-04:00,47.869581613179044,48.40390556017173,47.869581613179044,48.184452056884766,6097500,0.0,0.0,46.8377693939209,,68.85639467243573,46.88299617767334,48.31034051153145,45.45565184381523,0.004975123190609443,0.006365394296185313,0.2157162068783638
2024-07-25 00:00:00-04:00,48.09857868723425,48.34665545304792,47.917291959900574,47.94591522216797,5063100,0.0,0.0,46.83299865722656,,72.56403474780777,46.96982364654541,48.43539126841567,45.50425602467514,-0.004950493873733142,0.006450871766665784,0.21285785278723374
2024-07-26 00:00:00-04:00,48.079500554221696,48.53749099947895,48.01271050844154,48.394371032714844,3142200,0.0,0.0,46.840441131591795,,79.90311863514215,47.08623008728027,48.61795335666463,45.55450681789591,0.009353368445859322,0.006452858123674192,0.2127923296222152
2024-07-29 00:00:00-04:00,48.5374848034901,48.699691779524514,48.337114691727635,48.50886154174805,9847900,0.0,0.0,46.85532569885254,,81.04260912815897,47.189755058288576,48.814182781855564,45.56532733472159,0.002365781527686517,0.006253492199821979,0.21957630536380252
2024-07-30 00:00:00-04:00,48.632905403841,49.29126595196451,48.527948583172545,49.1767692565918,8296500,0.0,0.0,46.8839501953125,,81.98193330884101,47.31427135467529,49.14494292280197,45.483599786548616,0.013768777365944285,0.006302157695814586,0.21788072897163283
2024-07-31 00:00:00-04:00,49.300804138183594,49.45347124649767,49.08135062965841,49.300804138183594,13577100,0.0,0.0,46.912002105712894,,82.06272399184621,47.449760055541994,49.448446108693524,45.45107400239046,0.002522225096663222,0.006252439594393686,0.21961327128845656
2024-08-01 00:00:00-04:00,49.39621960008629,49.80650334192044,49.138599322205486,49.75879669189453,11600800,0.0,0.0,46.9507405090332,,82.26158183075368,47.602423667907715,49.816573531286664,45.388273804528765,0.009289758285224936,0.00624452115239636,0.21989175460336588
2024-08-02 00:00:00-04:00,49.37713682139212,50.25495084000938,49.06226637572454,50.19770431518555,10084700,0.0,0.0,47.01104263305664,,89.1025816262024,47.79897804260254,50.20358381817302,45.39437226703206,0.008820704126121015,0.006293247146798905,0.21818922423167703
2024-08-06 00:00:00-04:00,49.1385997920426,50.47440784424478,48.861896123548924,50.340824127197266,19087300,0.0,0.0,47.07268058776855,,88.8157963954675,48.01413822174072,50.52297882934525,45.5052976141362,0.0028511226551932722,0.006238248540566836,0.2201128576280643
2024-08-07 00:00:00-04:00,50.46486282348633,50.856063169413204,50.10228573903723,50.46486282348633,9953000,0.0,0.0,47.13603591918945,,88.22171028637118,48.23693161010742,50.787083298241114,45.686779921973724,0.0024639782609765515,0.0061231047363052545,0.22425203748626749
2024-08-08 00:00:00-04:00,50.531654300754305,50.90377126971018,50.43624099991889,50.77019119262695,14557900,0.0,0.0,47.21007774353027,,88.64143907338547,48.45209159851074,51.097818608104724,45.80636458891676,0.006050316042839343,0.005977031574724286,0.2297325512993644
2024-08-09 00:00:00-04:00,50.56982490139408,51.037358846327194,50.42670129953298,50.9133186340332,16312700,0.0,0.0,47.294615249633786,,87.88601958361784,48.66916027069092,51.377031877298,45.96128866408383,0.0028191235456098696,0.0056588047040611695,0.24265172322925688
2024-08-12 00:00:00-04:00,51.04689252829578,51.37130283201088,50.94193571830207,51.2186393737793,14239000,0.0,0.0,47.3854500579834,,87.82817868760013,48.88098068237305,51.69397523208413,46.06798613266197,0.005996873665626623,0.005549472430838015,0.2474322973888377
2024-08-13 00:00:00-04:00,51.18047783153425,51.657551642252926,51.094604400013516,51.52397155761719,16075600,0.0,0.0,47.465025939941405,,94.11765259240585,49.121903038024904,51.97546503718018,46.26834103886963,0.005961348984881543,0.0055032526356963716,0.24951039026477764
2024-08-14 00:00:00-04:00,51.63846215460976,51.991499353493026,51.428552177737004,51.73387908935547,13802800,0.0,0.0,47.55147171020508,,94.07582781237357,49.360439682006835,52.25153561818466,46.46934374582901,0.004073978099757847,0.00549335426482971,0.24995997830495528
2024-08-15 00:00:00-04:00,51.6707976056422,51.699912196261984,51.214649273866726,51.3990478515625,19470300,0.915,0.0,47.63923561096191,,91.87853799990008,49.56506004333496,52.423215962984784,46.706904123685135,-0.00647218503013558,0.005701419055034536,0.2408380614727416
2024-08-16 00:00:00-04:00,51.52521928545769,51.56404120932737,51.204943966926415,51.418460845947266,16453200,0.0,0.0,47.719563751220704,,90.93520053289545,49.76301803588867,52.55474033087418,46.97129574090316,0.00037769171212720387,0.005724548667885731,0.23986497320939135
2024-08-19 00:00:00-04:00,51.437870985576225,51.932837549083494,51.331112547772484,51.77755355834961,19363600,0.0,0.0,47.810890426635744,,91.49819452623748,49.95841655731201,52.73916937105841,47.17766374356562,0.006983731260999937,0.005239730175183324,0.2620590501705035
2024-08-20 00:00:00-04:00,51.796964953593196,51.903723392290665,51.57374444643594,51.670799255371094,10951600,0.0,0.0,47.905234298706056,,86.92451144397518,50.13225688934326,52.883120406885965,47.381393371800556,-0.002061787312106378,0.005098620598900169,0.2693118042857445
2024-08-21 00:00:00-04:00,51.73873641604964,51.90372403990438,51.41846109596108,51.45728302001953,7234200,0.0,0.0,47.997788696289064,,81.10291933052368,50.30782527923584,52.91564982566122,47.700000732810466,-0.004132241777339396,0.005243436516974606,0.26187381279682953
2024-08-22 00:00:00-04:00,51.389344407272866,51.58345031738281,51.34081885531095,51.58345031738281,11796100,0.0,0.0,48.09859130859375,,79.10265957964623,50.477775192260744,52.94202069636071,48.01352968816078,0.0024518841640783773,0.005114681897228612,0.2684661021836552
2024-08-23 00:00:00-04:00,51.80667419492822,52.08812389555686,51.77755590004333,52.02018737792969,5134400,0.0,0.0,48.2052661895752,,79.08818031818709,50.681488800048825,52.92850501148386,48.434472588613794,0.008466612021098108,0.005187760441004388,0.2646842945956121
2024-08-26 00:00:00-04:00,52.117239764040185,52.388985821897315,52.0493032495759,52.25311279296875,11528600,0.0,0.0,48.32308784484863,,79.67095863070682,50.87442588806152,52.9507454407669,48.798106335356145,0.004477596617383339,0.005100400020256082,0.2692178471110048
2024-08-27 00:00:00-04:00,51.92313499481413,52.18517742877908,51.77755463074612,51.787261962890625,6325200,0.0,0.0,48.438080673217776,,68.55059232994527,51.038345909118654,52.82588866593604,49.250803152301266,-0.008915274233017745,0.00531899597947129,0.25815374145004644
2024-08-28 00:00:00-04:00,51.65138740167989,51.787260429580485,51.36993401402161,51.5155143737793,5483100,0.0,0.0,48.55565330505371,,60.55482206409538,51.15528316497803,52.72247669648345,49.58808963347261,-0.005247382827577418,0.005534344088975282,0.24810866306516718
2024-08-29 00:00:00-04:00,51.680503522875746,51.81637655479925,51.45728301296393,51.787261962890625,6967100,0.0,0.0,48.68018760681152,,61.94125772067447,51.27960605621338,52.602890252060746,49.95632186036602,0.005275063103119093,0.005493217906559172,0.24996618306706833
2024-08-30 00:00:00-04:00,51.90372313638255,52.67043946300923,51.767850106805646,52.62191390991211,11804000,0.0,0.0,48.824849929809574,,66.75081691310668,51.42276191711426,52.67063946596929,50.17488436825923,0.016116935234374408,0.005990322555414934,0.22922283402202465
2024-09-03 00:00:00-04:00,52.34046002112087,53.01982886480823,52.165765069822335,52.87424850463867,11145200,0.0,0.0,48.9749405670166,,66.32473760380319,51.556589126586914,52.825201716139446,50.28797653703438,0.004795237876724867,0.005916314865338299,0.23209020211262066
2024-09-04 00:00:00-04:00,52.84513455249074,53.31098652749893,52.79660899926825,52.9907112121582,3968600,0.0,0.0,49.12831451416016,,65.54626210426679,51.68908348083496,52.976436667615644,50.401730294054275,0.0022026357028850363,0.005883454135047763,0.23338649054449045
2024-09-05 00:00:00-04:00,53.145995454967256,53.534207287106426,53.000418794611875,53.02953338623047,6003100,0.0,0.0,49.273496017456054,,71.76172292653123,51.81731700897217,53.102150363467985,50.53248365447635,0.0007326222499040025,0.005691112519511423,0.24127421627153997
2024-09-06 00:00:00-04:00,53.10717716278407,53.44685973875632,52.89366028516585,53.175113677978516,9476300,0.0,0.0,49.425405731201174,,72.68176104594119,51.93756313323975,53.25938335096976,50.615742915509735,0.0027452682015460805,0.005684124186535985,0.24157085028345815
2024-09-09 00:00:00-04:00,53.233341972537445,53.71860490283318,53.233341972537445,53.679786682128906,5376600,0.0,0.0,49.57481414794922,,73.67156340104833,52.07588653564453,53.51977311050831,50.631999960780746,0.009490774334900864,0.005571156278452297,0.2464692505879101
2024-09-10 00:00:00-04:00,53.65067000069183,53.76713577309088,52.893660991410314,53.14599609375,9778700,0.0,0.0,49.71640922546387,,66.59386285306275,52.172254371643064,53.6324177848925,50.712090958393624,-0.009943977451695396,0.006003610275284691,0.22871549782487413
2024-09-11 00:00:00-04:00,53.01012527851353,53.12659105578336,52.54427327622205,53.019832611083984,10363300,0.0,0.0,49.84803863525391,,67.92879134192918,52.247047424316406,53.7205755869649,50.773519261667914,-0.0023739038109937827,0.0060865930792486245,0.22559725859442145
2024-09-12 00:00:00-04:00,53.17511374509281,53.398334252765224,53.09746989776549,53.35951232910156,7449100,0.0,0.0,49.98150001525879,,69.42678986300638,52.32832908630371,53.86083354989644,50.79582462271098,0.006406653912116811,0.005777427593116129,0.23766956672799405
2024-09-13 00:00:00-04:00,53.39833545185991,53.81566188495953,53.33039893505415,53.73801803588867,4219400,0.0,0.0,50.12443977355957,,69.03229732916665,52.44527759552002,54.035102307281576,50.85545288375846,0.00709350011395582,0.005831491996596169,0.23546610604280255
2024-09-16 00:00:00-04:00,53.8641859704485,54.339745277381255,53.85448234071055,54.31062698364258,8465500,0.0,0.0,50.27654182434082,,71.20003773332756,52.58988590240479,54.30745896811614,50.87231283669344,0.01065556506701637,0.005888207914814471,0.2331980685334772
2024-09-17 00:00:00-04:00,54.34944923287886,54.436796710093624,53.79624977793948,53.8738899230957,4027800,0.0,0.0,50.428687286376956,,71.62978774220947,52.69470272064209,54.45877832777674,50.93062711350744,-0.008041466004036657,0.006108074759803709,0.2248038484883238
2024-09-18 00:00:00-04:00,53.864187376158874,53.932123892884746,53.35951346457922,53.553619384765625,5671300,0.0,0.0,50.57900726318359,,70.91639112320728,52.78884372711182,54.523562390742015,51.05412506348162,-0.005944819258220657,0.006292831115142633,0.21820364915786317
2024-09-19 00:00:00-04:00,53.71860496953802,53.805952445190215,52.87424850640842,53.204227447509766,4763800,0.0,0.0,50.72291191101074,,64.3137291170049,52.876190948486325,54.501052463305065,51.251329433667586,-0.006524151705706194,0.006485117214698744,0.211733831078033
2024-09-20 00:00:00-04:00,53.20422833670934,53.3886269207181,52.86454576030837,53.35951232910156,18058200,0.0,0.0,50.86076232910156,,58.636365666608604,52.96499404907227,54.4829935900396,51.446994508104936,0.002918656825625421,0.006439115136770567,0.21324649174497184
2024-09-23 00:00:00-04:00,53.2915771960347,53.63125978124596,53.16540779198659,53.59244155883789,5154700,0.0,0.0,51.00117225646973,,58.44754062465226,53.043606758117676,54.51780334227335,51.569410173962,0.004365280332768284,0.006454720114889145,0.21273094548141383
2024-09-24 00:00:00-04:00,53.56332148450824,53.7380164374589,53.24304987227362,53.2818717956543,3205700,0.0,0.0,51.12716506958008,,53.27514177434194,53.095044708251955,54.524209809862526,51.66587960664138,-0.005795029189752943,0.006544405293231976,0.20981565953415282
2024-09-25 00:00:00-04:00,53.45656954062161,53.82536672521302,53.41774761521327,53.78654479980469,3099900,0.0,0.0,51.26878547668457,,57.70752676812558,53.19500885009766,54.5144948976373,51.87552280255802,0.009471758163562827,0.006660278951645822,0.206165345750114
2024-09-26 00:00:00-04:00,53.786542130018184,53.80595309175885,53.019829503704905,53.3206901550293,5014300,0.0,0.0,51.39593635559082,,51.39144321852827,53.28526763916015,54.3417879859601,52.228747292360204,-0.008661174397970983,0.006889500507619673,0.19930598906838332
2024-09-27 00:00:00-04:00,53.378920688123436,53.53420467294385,53.097467308679484,53.40803527832031,2173000,0.0,0.0,51.51796424865723,,47.17737398071178,53.36630630493164,54.153282260599866,52.579330349263415,0.001638109391252529,0.006742500673962256,0.20365125333407633
2024-09-30 00:00:00-04:00,53.048944095184716,53.39833400199198,52.83542721829974,53.3206901550293,4333100,0.0,0.0,51.63519203186035,,51.999996506174895,53.4012451171875,54.10691678209922,52.69557345227578,-0.001635430377392555,0.006761994261737302,0.20306416416648718
2024-10-01 00:00:00-04:00,53.28187224670942,53.912711846805024,53.165406475581456,53.8738899230957,5017300,0.0,0.0,51.75527816772461,,58.906830084132835,53.45122718811035,54.141165843395754,52.76128853282495,0.01037495513388853,0.006888593042586938,0.1993322445337267
2024-10-02 00:00:00-04:00,54.077705538104595,54.10682013102956,53.42745124543407,53.78654479980469,2368200,0.0,0.0,51.867129211425784,,54.700866903955244,53.49101886749268,54.160624923699146,52.82141281128621,-0.0016212885948221345,0.006881542951694961,0.19953645897393715
2024-10-03 00:00:00-04:00,53.75742836036863,53.75742836036863,53.20422890022075,53.62155532836914,2762500,0.0,0.0,51.980642013549804,,48.65471286734314,53.52061996459961,54.15578504121454,52.88545488798468,-0.0030674859679059585,0.006854926344554872,0.2003112278440436
2024-10-04 00:00:00-04:00,53.757430188428415,54.14564203785333,53.5536206334985,54.11652374267578,8856400,0.0,0.0,52.09928344726563,,47.71691812888063,53.567690467834474,54.23382286770603,52.90155806796292,0.009230773170892492,0.007001071130881152,0.19612980459540735
2024-10-07 00:00:00-04:00,54.13593228355616,54.22327976065608,53.72831319193151,54.01947021484375,10356300,0.0,0.0,52.22075454711914,,51.86105960872054,53.58467464447021,54.27954288804816,52.88980640089226,-0.0017934176314340355,0.006905171824333904,0.1988536632816843
2024-10-08 00:00:00-04:00,53.86418533325195,53.922418217778024,53.53420639212893,53.86418533325195,5581800,0.0,0.0,52.330150833129885,,54.14504105175587,53.620584106445314,54.29389430722895,52.947273905661675,-0.0028746094875459205,0.006918261428395727,0.1984774248660736
2024-10-09 00:00:00-04:00,53.74772478049383,54.504733789345345,53.63125900816094,54.465911865234375,4375500,0.0,0.0,52.44929183959961,,65.7766974082261,53.69288806915283,54.40407919394396,52.9816969443617,0.011171180409758508,0.006893926839708303,0.19917802216136768
2024-10-10 00:00:00-04:00,54.59207891096058,54.80559578209183,54.291214565481305,54.55325698852539,10903800,0.0,0.0,52.55682159423828,,65.18515786725621,53.75257530212402,54.54202679107533,52.963123813172714,0.0016036658581450869,0.006767991915846116,0.20288421291451916
2024-10-11 00:00:00-04:00,54.59207998454158,54.9220589272053,54.5823763548731,54.8929443359375,11672000,0.0,0.0,52.66866439819336,,66.1057449283195,53.81032161712646,54.749962840375616,52.87068039387731,0.0062267106707039055,0.006786397937892421,0.20233395174063468
2024-10-15 00:00:00-04:00,54.766776136869595,55.29086100474932,54.60178481079082,55.27145004272461,10822700,0.0,0.0,52.77891746520996,,74.23168485745029,53.85836277008057,54.985289518161984,52.73143602199915,0.006895343497530515,0.0063158406588540135,0.21740870091985748
2024-10-16 00:00:00-04:00,55.242333818086344,55.873177149603855,55.145282706589455,55.805240631103516,9576700,0.0,0.0,52.89106819152832,,74.41316308350379,53.95493030548096,55.379224408700686,52.53063620226123,0.0096576186795585,0.006459871813770587,0.21256129416239716
2024-10-17 00:00:00-04:00,55.727594357873976,56.20315366896855,55.65965784232653,56.03816604614258,8648800,0.0,0.0,53.00501502990723,,84.82593145201504,54.0791576385498,55.765392131181706,52.3929231459179,0.0041738985873889245,0.006473907053154673,0.2121004675513777
2024-10-18 00:00:00-04:00,55.902289627409,56.27109050121539,55.756712965671895,56.26138687133789,9624900,0.0,0.0,53.12094551086426,,85.33660500936811,54.23201560974121,56.12579476252867,52.33823645695375,0.003983371351080844,0.006481140017527303,0.2118637630331805
2024-10-21 00:00:00-04:00,56.2905015431008,56.562247607205585,55.679069196602605,55.78582763671875,8631500,0.0,0.0,53.22125823974609,,77.8508720892647,54.35333137512207,56.321184443537014,52.38547830670712,-0.008452675290544831,0.006753143967799482,0.2033302887374545
2024-10-22 00:00:00-04:00,55.34908840794214,55.737300231422324,55.34908840794214,55.6208381652832,2722900,0.0,0.0,53.315408630371095,,71.63461447611346,54.45475120544434,56.46608841868861,52.44341399220007,-0.0029575517371539517,0.006634306704612266,0.20697245002309825
2024-10-23 00:00:00-04:00,55.46555431192093,55.572309046489714,55.135575371834896,55.32967758178711,5577800,0.0,0.0,53.39762939453125,,68.19214126192765,54.55714149475098,56.52510556201952,52.58917742748244,-0.005234739229043606,0.006413425070676844,0.21410068687578118
2024-10-24 00:00:00-04:00,55.13557466561987,55.64995217947694,54.98029067828968,55.358795166015625,5679800,0.0,0.0,53.47432586669922,,71.1583188454816,54.63575401306152,56.59971472600726,52.67179330011579,0.0005262561703069935,0.006376908975824451,0.2153266916720795
2024-10-25 00:00:00-04:00,55.23262608702914,55.455846588708766,54.88323618796109,55.252037048339844,3910300,0.0,0.0,53.54468902587891,,65.27408042921856,54.73232135772705,56.61214944489647,52.85249327055764,-0.0019284761771932724,0.006335381733533034,0.21673811786121444
2024-10-28 00:00:00-04:00,55.0094038742999,55.339382801793356,54.960878323663664,55.1258659362793,8978300,0.0,0.0,53.619225387573245,,64.76673913375524,54.818212890625,56.59756382988427,53.038861951365725,-0.0022835558433829117,0.0062645816524517775,0.2191876152369837
2024-10-29 00:00:00-04:00,54.99969824325914,55.12586764062392,54.18446008193617,54.592079162597656,4700700,0.0,0.0,53.68269775390625,,58.823502210811846,54.881782341003415,56.52120887763786,53.24235580436897,-0.009683054671624558,0.006269506743531727,0.21901542960694945
2024-10-30 00:00:00-04:00,54.53384741825908,54.82500814168711,54.42709268223284,54.78618621826172,5745900,0.0,0.0,53.74287040710449,,54.30809238707665,54.92739715576172,56.49807212089442,53.356722190629014,0.003555590090019045,0.006099609802857683,0.22511582826412244
2024-10-31 00:00:00-04:00,54.66972586676964,54.88323904778839,54.50473453816253,54.58237838745117,6249500,0.0,0.0,53.801101989746094,,50.37981913564031,54.96718883514404,56.45426796207866,53.480109708209426,-0.0037200587388689366,0.006030708032043898,0.22768781137509275
2024-11-01 00:00:00-04:00,54.786186928110716,55.222924316649056,53.893301189069845,54.7570686340332,8643100,0.0,0.0,53.86709770202637,,48.14812118968617,55.02396450042725,56.375230729785905,53.67269827106859,0.0032004879916005535,0.005891427986598917,0.23307060970305782
2024-11-04 00:00:00-05:00,54.66001752052575,55.33938638014895,54.66001752052575,55.0870475769043,20992000,0.0,0.0,53.9371696472168,,47.45304949113678,55.07249069213867,56.35447574233835,53.79050564193899,0.006026234623268456,0.005953749274719984,0.23063092674873317
2024-11-05 00:00:00-05:00,55.0094038742999,55.25203532974326,54.62119206468564,55.1258659362793,8725500,0.0,0.0,53.99928321838379,,39.13032333037118,55.12781047821045,56.31007842752674,53.94554252889416,0.0007046730780191357,0.005921515803411921,0.23188635451535736
2024-11-06 00:00:00-05:00,55.97993120213898,56.26138458656833,55.659655895251305,56.20315170288086,14421600,0.0,0.0,54.07828399658203,,52.07819191057192,55.2447587966919,56.36165489066691,54.12786270271688,0.019542291958675184,0.006683104502775458,0.2054612062834
2024-11-07 00:00:00-05:00,56.30990952397075,57.251320770868205,56.086689025664995,57.07662582397461,12670200,0.0,0.0,54.18407127380371,,58.82349541051074,55.3752944946289,56.69986100538953,54.05072798386828,0.015541372585498259,0.007007301722816214,0.19595541439114963
2024-11-08 00:00:00-05:00,57.26102504468821,57.39689807107635,56.84369863377475,57.19308853149414,9535900,0.0,0.0,54.297622756958006,,66.51478700287315,55.507286071777344,57.002116255200406,54.01245588835428,0.002040462375591412,0.00671177648254927,0.20458349833734768
2024-11-11 00:00:00-05:00,57.34837688294803,57.93069095528237,57.261029401871625,57.78511428833008,11085900,0.0,0.0,54.41757980346679,,73.08489809071659,55.65189456939697,57.42934456609377,53.87444457270018,0.010351351396417963,0.0068661504395705515,0.19998377911220813
2024-11-12 00:00:00-05:00,57.9403968458394,58.173320988071445,56.73694310343218,57.03780746459961,30355100,0.0,0.0,54.50589767456054,,66.60380268967839,55.74021244049072,57.61114386735985,53.869281013621595,-0.012932514418880214,0.007398538832101432,0.18559322915228335
2024-11-13 00:00:00-05:00,57.154269897554585,57.83363877084699,57.00869323330354,57.77540588378906,13756500,0.0,0.0,54.60392082214356,,70.64677362792656,55.838720703125,57.91973928212332,53.75770212412668,0.012931745660932803,0.007508962040585852,0.1828639837885153
2024-11-14 00:00:00-05:00,57.99862660612306,58.988563476094384,57.950101051198125,58.80416488647461,8062700,0.0,0.0,54.720189895629886,,76.21777924187776,55.9770206451416,58.44543481023761,53.50860648004559,0.017806175256558365,0.007976876052094278,0.1721374011443696
2024-11-15 00:00:00-05:00,58.33609427328127,58.730254811927686,58.07988635208323,58.53317642211914,23844000,0.915,0.0,54.83026275634766,,74.62253238784032,56.090610122680665,58.81040470265769,53.37081554270364,-0.004608320939148314,0.008022175687568788,0.1711653753714296
2024-11-18 00:00:00-05:00,58.513468229885035,59.12441951231743,58.47405104804311,58.76967239379883,33086800,0.0,0.0,54.94215393066406,,81.54424451210204,56.23980236053467,59.2054444924428,53.274160228626535,0.004040374811955738,0.007937722817964692,0.1729864779040431
2024-11-19 00:00:00-05:00,58.641568056707605,59.30179269172812,58.38536389443489,59.07514953613281,28841500,0.0,0.0,55.05006118774414,,81.84951219788562,56.41251792907715,59.618954598224015,53.20608125993028,0.005197870430297291,0.007901255574992706,0.1737848750525369
2024-11-20 00:00:00-05:00,59.09485692098795,59.24266571038805,58.52331907669231,58.947044372558594,10799200,0.0,0.0,55.16608215332031,,82.78023051601093,56.593386268615724,59.94734341261505,53.2394291246164,-0.0021685118798703273,0.007884134265143042,0.17416226901779625
2024-11-21 00:00:00-05:00,58.92733847210435,59.93245407382983,58.92733847210435,59.90289306640625,12840500,0.0,0.0,55.30374336242676,,84.58854425481964,56.82059116363526,60.42844996165295,53.21273236561756,0.01621537948207341,0.008113954755796564,0.16922927896255763
2024-11-22 00:00:00-05:00,59.88318390956736,60.198513849205625,59.56785396992909,59.587562561035156,5646200,0.0,0.0,55.42830436706543,,80.31067476264688,57.03736743927002,60.7673312851063,53.30740359343374,-0.005264027983114761,0.008256420728948898,0.1663091983725829
2024-11-25 00:00:00-05:00,59.69595898793182,59.94231074256865,59.075151513718744,59.134273529052734,12347200,0.0,0.0,55.53622947692871,,75.56888692925158,57.23778781890869,60.96605267468443,53.50952296313296,-0.007607108136335028,0.008452784847731213,0.1624457190847372
2024-11-26 00:00:00-05:00,59.291935768394325,59.617121873858515,58.69084067237473,59.18354415893555,4909800,0.0,0.0,55.633687820434574,,71.88108086308627,57.46736106872559,61.07311437684756,53.86160776060361,0.0008331992082155626,0.008416924682398087,0.16313781632498214
2024-11-27 00:00:00-05:00,59.1145660870901,59.38062266240722,58.878066759105735,59.26237487792969,5482200,0.0,0.0,55.74145751953125,,68.1667694988532,57.69117050170898,61.14883880993213,54.23350219348583,0.0013319702311582748,0.008303004692781881,0.16537612149635086
2024-11-28 00:00:00-05:00,59.35106377723344,59.54814593109251,59.24266840465948,59.36091995239258,3424400,0.0,0.0,55.857603530883786,,68.07167307127239,57.930097579956055,61.134378760864,54.72581639904811,0.0016628607048887467,0.008293389373900398,0.1655678578386206
2024-11-29 00:00:00-05:00,59.09485732638858,60.06055570807193,59.09485732638858,59.686100006103516,5481100,0.0,0.0,55.98724098205567,,66.58503921179695,58.17654914855957,61.09908947381926,55.254008823299884,0.005478015737824249,0.008310466373920102,0.16522763598050139
2024-12-02 00:00:00-05:00,59.725519783613684,60.159097516985,59.19339909331972,60.0605583190918,12853100,0.0,0.0,56.12126190185547,,78.20689527514321,58.425224685668944,61.07449784970188,55.77595152163601,0.006273794282923406,0.008103823199397488,0.169440852678074
2024-12-03 00:00:00-05:00,60.23793132924031,60.76019583953031,60.21822273803681,60.287200927734375,6464300,0.0,0.0,56.2551570892334,,75.90963822235514,58.6832914352417,60.958457031900785,56.40812583858261,0.0037735681283290745,0.008040566880936,0.17077386870742917
2024-12-04 00:00:00-05:00,60.69121801761232,60.98683936939753,60.22807551909686,60.484283447265625,10269600,0.0,0.0,56.39920532226562,,70.9201815226509,58.89734802246094,60.98812337714085,56.806572667781026,0.003269060704402138,0.007899109481101792,0.1738320903316232
2024-12-05 00:00:00-05:00,60.10982533663326,61.08537989361052,60.10982533663326,60.73063278198242,5910400,0.0,0.0,56.53808708190918,,77.53079740621224,59.080048370361325,61.1392862398923,57.02081050083035,0.004072947891192058,0.007887286081728844,0.17409267251496585
2024-12-06 00:00:00-05:00,60.79961180889192,60.88829858802356,60.14924334826968,60.159095764160156,8186600,0.0,0.0,56.6748551940918,,66.05918232554777,59.22834873199463,61.13711266187616,57.3195848021131,-0.009411017004779643,0.008165885727043402,0.16815306492850332
2024-12-09 00:00:00-05:00,60.29705419719116,60.53355353595095,59.153982204416,59.17369079589844,9533200,0.0,0.0,56.79016830444336,,50.984256168747045,59.297777557373045,61.082490912497605,57.513064202248486,-0.016379983039053192,0.008849732186305978,0.155159352164693
2024-12-10 00:00:00-05:00,59.163838267447254,59.29193847329592,58.86821691383036,59.0948600769043,9384300,0.0,0.0,56.90565170288086,,51.49109973271106,59.400630187988284,60.840794343176285,57.960466032800284,-0.0013321920254398822,0.008583821705926161,0.15996589396891644
2024-12-11 00:00:00-05:00,59.32150323997823,59.57770741070502,59.00617329491628,59.0948600769043,8108300,0.0,0.0,57.01007110595703,,39.901484878043206,59.466602897644044,60.699224333912525,58.23398146137556,0.0,0.008595865650277182,0.15974176060022416
2024-12-12 00:00:00-05:00,59.124420803512606,59.17369040237631,58.73025649454408,58.93719482421875,3694100,0.0,0.0,57.113084106445314,,41.53847070104284,59.47325439453125,60.692184301915916,58.25432448714659,-0.002668002809049108,0.00857146297179366,0.16019654023785973
2024-12-13 00:00:00-05:00,58.838651614948425,58.89777738874879,58.543030264005445,58.81894302368164,4166900,0.0,0.0,57.21703186035156,,45.505614312091815,59.487542724609376,60.666105338365725,58.30898011085303,-0.002006403611332308,0.008611453820829684,0.15945260131766842
2024-12-16 00:00:00-05:00,58.818940292700866,58.90762706976895,58.050324064130315,58.36565399169922,9744800,0.0,0.0,57.30201446533203,,39.54657370615051,59.46734180450439,60.70982926607797,58.22485434293082,-0.0077065144098206195,0.008776767107631008,0.1564492592795817
2024-12-17 00:00:00-05:00,58.079886068107534,58.572589558278544,57.97149445785454,58.375511169433594,7057600,0.0,0.0,57.38913528442383,,38.461591909823284,59.432359886169436,60.75795697951001,58.10676279282886,0.00016888661499070423,0.008779966964286776,0.1563922413880985
2024-12-18 00:00:00-05:00,58.21784580063402,58.36565459124632,57.616746945334505,57.63645553588867,11068700,0.0,0.0,57.46458068847656,,30.769217679840054,59.36683044433594,60.90583870248296,57.82782218618892,-0.012660371082658828,0.00851942926229756,0.1611749649633171
2024-12-19 00:00:00-05:00,57.843393088524834,58.15872303563468,57.24229420214999,57.70543670654297,6605100,0.0,0.0,57.529371185302736,,26.573535741646964,59.256957626342775,60.94168910787324,57.57222614481231,0.0011968322828481703,0.008057928481674581,0.17040591958355397
2024-12-20 00:00:00-05:00,57.567473366756055,58.65142328886651,57.20287384048755,58.56273651123047,16132900,0.0,0.0,57.60956077575683,,34.10039011535008,59.20571632385254,60.91033239084556,57.50110025685952,0.01485648239778925,0.008476917398384829,0.16198325975429448
2024-12-23 00:00:00-05:00,58.45434228030425,59.213106112834005,58.28682489652683,59.193397521972656,4760200,0.0,0.0,57.69556983947754,,39.30634889615223,59.208672523498535,60.912971953140186,57.504373093856884,0.010768981238116204,0.008493430049406671,0.1616683371583416
2024-12-24 00:00:00-05:00,59.21310806274414,59.380625452037975,58.97660872364933,59.21310806274414,1202900,0.0,0.0,57.77440299987793,,37.12575636871927,59.210150718688965,60.914409664358374,57.505891773019556,0.00033298546116000693,0.008087411437312684,0.1697846985406412
2024-12-27 00:00:00-05:00,59.19339697634292,59.538287915663986,59.09485778197384,59.420040130615234,3075900,0.0,0.0,57.846698989868166,,36.61971392162911,59.218033981323245,60.92476686621936,57.51130109642713,0.0034947003229728324,0.007796888821134103,0.1761111058985884
2024-12-30 00:00:00-05:00,59.2525249718093,59.705811297363326,58.87806925290276,59.597415924072266,6068300,0.0,0.0,57.917883987426755,,43.763706918240054,59.229858779907225,60.944020791371976,57.515696768442474,0.0029851173622086336,0.007134418377045428,0.19246400200977792
2024-12-31 00:00:00-05:00,59.77478755619662,60.178804269661505,59.72551795875541,60.11967849731445,2514900,0.0,0.0,57.99504981994629,,61.70726848184367,59.25153770446777,61.00060619128316,57.50246921765238,0.00876317479783939,0.007223260273790198,0.19009680681736854
2025-01-02 00:00:00-05:00,60.415303251060934,60.99669351917954,60.32661647256727,60.96712875366211,8277600,0.0,0.0,58.098675842285154,,69.46714093968251,59.296866226196286,61.17634193755321,57.41739051483936,0.014096054362391808,0.007596844263254401,0.1807485668095083
2025-01-03 00:00:00-05:00,61.016400945336414,61.8342905772259,61.016400945336414,61.34158706665039,2469700,0.0,0.0,58.2130908203125,,71.6729542714744,59.34958553314209,61.3976177850637,57.30155328122048,0.00614197061011823,0.007615684723799777,0.1803014125003277
2025-01-06 00:00:00-05:00,61.341585936379694,61.390855534723514,60.60253068413415,60.7109260559082,6543500,0.0,0.0,58.320715789794924,,65.67940267786028,59.36091766357422,61.4376920763461,57.28414325080234,-0.010281132929556347,0.007881876184256096,0.17421216481439375
2025-01-07 00:00:00-05:00,61.21348106332554,61.90326670697135,61.09523327725262,61.78501892089844,5040800,0.0,0.0,58.44924026489258,,72.42919508757475,59.41363697052002,61.681549189697634,57.1457247513424,0.017691920297857378,0.007984026408048253,0.17198323786530856
2025-01-08 00:00:00-05:00,61.92297634466125,62.47480562071273,61.70618560067149,62.37626266479492,5971000,0.0,0.0,58.59172477722168,,79.70802771204923,59.52449531555176,62.13648884536968,56.91250178573384,0.009569370605088556,0.00803784681060333,0.17083165992251598
2025-01-09 00:00:00-05:00,62.1299113520968,62.31714109014751,61.91312436560623,62.0707893371582,3452800,0.0,0.0,58.73062324523926,,76.22379704782463,59.66935024261475,62.510692174822196,56.8280083104073,-0.004897268842128377,0.007946012974406646,0.1728059993459554
2025-01-10 00:00:00-05:00,62.31713968259409,62.3762616961973,61.37114611561989,61.82443618774414,8477600,0.0,0.0,58.87527038574219,,81.95489859810527,59.80582904815674,62.7896323815173,56.822025714796176,-0.0039689063413695935,0.00801108044186969,0.17140243726447943
2025-01-13 00:00:00-05:00,61.686476515378814,62.51421854331111,61.49925053917878,61.55837631225586,6638600,0.0,0.0,59.01071418762207,,78.54014821295058,59.92900485992432,62.99158514460516,56.86642457524348,-0.00430347435244427,0.008080616291177345,0.1699274737692321
2025-01-14 00:00:00-05:00,61.38100129503741,62.38611685931289,61.292314517041646,62.317138671875,7290200,0.0,0.0,59.16540939331055,,78.22223496687982,60.09800205230713,63.29998944295065,56.896014661663614,0.012325899496931303,0.00832788500227809,0.16488204537918713
2025-01-15 00:00:00-05:00,62.56349276819136,63.08575352198421,62.49451081912991,62.57334518432617,8655600,0.0,0.0,59.32173492431641,51.86856336593628,76.92309094743264,60.285722160339354,63.60986004715176,56.961584273526945,0.004111333060399458,0.008309968567743804,0.165237533892511
2025-01-16 00:00:00-05:00,62.56349340700257,62.6324715977389,61.834290557609194,62.3861198425293,9717800,0.0,0.0,59.4677163696289,51.95269432067871,74.61776415560061,60.48674545288086,63.80824770173127,57.16524320403045,-0.0029920941775664067,0.008302813086205094,0.16537993793208094
2025-01-17 00:00:00-05:00,62.57334292044181,63.736123451811736,62.42553037056133,63.44049835205078,5177300,0.0,0.0,59.63400901794434,52.04186283111572,77.56758241327087,60.739994812011716,64.15477485054883,57.325214773474606,0.016900850897328956,0.008770400528206669,0.1565628283955963
2025-01-20 00:00:00-05:00,63.31240025428928,63.62773019607856,62.81969675036485,62.9970703125,1707400,0.0,0.0,59.76988739013672,52.13007949829102,72.49027027218003,61.008025550842284,64.23338745195188,57.782663649732676,-0.006989668288701956,0.008907566120825295,0.15415195287161643
2025-01-21 00:00:00-05:00,63.18429820452475,64.66240867313104,63.164585854830506,64.06130981445312,7989000,0.0,0.0,59.90958106994629,52.22413286209107,74.33095896862307,61.325819206237796,64.43132035874612,58.22031805372948,0.016893476104109517,0.009337583925279157,0.14705289118107895
2025-01-22 00:00:00-05:00,64.1499946046863,64.25838997682091,63.41093934998241,63.46021270751953,10766700,0.0,0.0,60.0349235534668,52.31630542755127,65.87207565590552,61.570693016052246,64.52762594601082,58.61376008609368,-0.009383153555158508,0.009336429256154544,0.14707107773061232
2025-01-23 00:00:00-05:00,63.26312785079763,63.617874980418165,63.08575428598736,63.54889678955078,5977500,0.0,0.0,60.15019920349121,52.40985866546631,64.5833595865881,61.788467979431154,64.64815645282592,58.9287795060364,0.001397475335293663,0.00868242425504669,0.1581492302751893
2025-01-24 00:00:00-05:00,63.31240046208622,63.90364316512428,63.11532206709315,63.657291412353516,7261600,0.0,0.0,60.28258888244629,52.503672714233396,70.90914209852667,62.01067714691162,64.71416885886417,59.30718543495907,0.0017056885056823123,0.00865486285506922,0.15865285630193685
2025-01-27 00:00:00-05:00,63.548896396803535,63.84452150901326,62.76057153531298,63.312400817871094,9054900,0.0,0.0,60.39332878112793,52.59885520935059,62.090534213946476,62.205295181274415,64.67373517886838,59.736855183680454,-0.005417927574836945,0.008765045308206763,0.1566584843061346
2025-01-28 00:00:00-05:00,63.341961515638225,63.89378703646759,62.81969700227345,63.11532211303711,5625100,0.0,0.0,60.47955192565918,52.69291173934936,56.239661755839656,62.38119049072266,64.550401489746,60.21197949169932,-0.0031127978451001015,0.008774175842770671,0.15649546321659658
2025-01-29 00:00:00-05:00,63.04634074652351,63.50947949020959,62.81969758279852,62.92809295654297,4787300,0.0,0.0,60.567450256347655,52.78696939468384,57.385419959763155,62.52161121368408,64.42126874092969,60.621953686438474,-0.0029664612367631404,0.008792242046360761,0.15617389803623774
2025-01-30 00:00:00-05:00,63.17444285990651,63.61787299909244,62.88867393005339,63.48977279663086,9974600,0.0,0.0,60.661852264404295,52.88636604309082,63.607127005420935,62.64774341583252,64.44505447216089,60.85043235950415,0.00892574069383878,0.008663558270793585,0.15849362005070114
2025-01-31 00:00:00-05:00,63.4503546424744,63.617872024216844,61.90326598943136,61.93282699584961,8956700,0.0,0.0,60.719005813598635,52.982570533752444,52.52657589251241,62.67730541229248,64.40214781571493,60.95246300887005,-0.024522781106311786,0.009996856962514209,0.13735504249056782
2025-02-03 00:00:00-05:00,58.030615810228035,62.14961724188588,58.030615810228035,61.65691375732422,14070400,0.0,0.0,60.773203201293946,53.075802097320555,45.23467847006621,62.724604797363284,64.2643548094594,61.18485478526716,-0.004455040273615762,0.00968879908453022,0.14172228166550388
2025-02-04 00:00:00-05:00,61.74560173919768,62.326992012681096,61.63720636903528,61.78501892089844,12101200,0.0,0.0,60.81084571838379,53.166018924713136,44.20287781650849,62.724604797363284,64.2643548094594,61.18485478526716,0.0020777096316955124,0.009686688987234779,0.1417531537006895
2025-02-05 00:00:00-05:00,61.85399573430117,62.593050959128526,61.68647459531175,62.08063888549805,16697400,0.0,0.0,60.86070724487305,53.25162168502808,47.78883238863535,62.70982360839844,64.26920426529165,61.15044295150523,0.004784654431814417,0.009407912349833942,0.1459536039238827
2025-02-06 00:00:00-05:00,62.24815795525997,62.543783060439424,61.81458023150846,62.484657287597656,12910100,0.0,0.0,60.92771492004395,53.33708883285522,42.36222200546235,62.73051700592041,64.26497689000607,61.196057121834755,0.006507961408786178,0.009302363766684547,0.1476096557066442
2025-02-07 00:00:00-05:00,62.32699057557723,62.70144627504169,61.647061122548735,62.583194732666016,15895300,0.0,0.0,60.99570793151855,53.42314239501953,46.49995580385687,62.7684549331665,64.24501776780568,61.29189209852733,0.001576986245036549,0.009298152976891072,0.1476765026635842
2025-02-10 00:00:00-05:00,62.86896485811931,63.42079412267956,62.65217787767331,63.21385955810547,14852100,0.0,0.0,61.07473762512207,53.51024045944214,42.26617928633595,62.85122909545898,64.22413943824382,61.47831875267414,0.010077223256713452,0.009414301084593282,0.14585455686194357
2025-02-11 00:00:00-05:00,63.095607100071064,63.77554031529916,62.72115515788988,63.74597930908203,22615600,0.0,0.0,61.16243881225586,53.59690618515015,52.64115393944864,62.92267112731933,64.32690828154291,61.51843397309575,0.008417770322779461,0.009483747022718442,0.14478651840553566
2025-02-12 00:00:00-05:00,63.253279110140696,63.94306101790471,63.253279110140696,63.50947952270508,14800900,0.0,0.0,61.238906402587894,53.68501371383667,49.645381308612635,62.969477844238284,64.38703226414653,61.551923424330035,-0.0037100345612426366,0.009463529816873643,0.14509582993123482
2025-02-13 00:00:00-05:00,63.598167590144534,64.04159772530703,63.46021121395803,63.677001953125,6820300,0.0,0.0,61.31123527526856,53.77306848526001,50.17545980520464,63.03402194976807,64.45728007326551,61.61076382627063,0.0026377547364411225,0.009180202720640384,0.14957389881718028
2025-02-14 00:00:00-05:00,63.68000030517578,64.25,61.0099983215332,61.08000183105469,19160400,0.943,0.0,61.32709129333496,53.84907548904419,35.81511290027021,62.91599712371826,64.5701005938112,61.26189365362532,-0.04078395719669814,0.011942661000348997,0.11497594320211732
2025-02-18 00:00:00-05:00,61.22999954223633,61.36000061035156,59.599998474121094,60.63999938964844,23804100,0.0,0.0,61.33020561218262,53.922695026397705,34.742566924135005,62.798143577575686,64.7389562415041,60.857330913647274,-0.007203707076225752,0.011864916788768264,0.1157293167161618
2025-02-19 00:00:00-05:00,60.900001525878906,60.900001525878906,59.869998931884766,60.209999084472656,19109600,0.0,0.0,61.319792938232425,53.990228099823,33.73300774936122,62.60557804107666,64.77004485479206,60.44111122736126,-0.00709103412770129,0.011448226458741889,0.11994160997835185
2025-02-20 00:00:00-05:00,60.0,60.02000045776367,59.290000915527344,59.459999084472656,13441900,0.0,0.0,61.30581100463867,54.05447980880737,26.414623375127206,62.40556735992432,64.94442474482474,59.866709975023895,-0.012456402780338438,0.011466796683816166,0.11974736717851109
2025-02-21 00:00:00-05:00,59.31999969482422,59.849998474121094,58.900001525878906,59.45000076293945,10803800,0.0,0.0,61.31133720397949,54.116760139465335,32.255392702130905,62.20062255859375,64.99933125300474,59.40191386418276,-0.00016815206335607513,0.011451412316425368,0.11990824143924421
2025-02-24 00:00:00-05:00,59.66999816894531,59.86000061035156,59.06999969482422,59.25,7699800,0.0,0.0,61.31444000244141,54.17597850799561,32.60923012469267,61.980257987976074,64.98266886647859,58.97784710947355,-0.0033641843628727797,0.011447216457587141,0.11995219256539642
2025-02-25 00:00:00-05:00,59.0099983215332,59.779998779296875,58.7599983215332,59.630001068115234,11592800,0.0,0.0,61.325142822265626,54.23442569732666,34.976142137649575,61.796138000488284,64.90435587946574,58.68792012151083,0.0064135201369659445,0.011518953417918889,0.11920516239975794
2025-02-26 00:00:00-05:00,59.709999084472656,60.33000183105469,59.52000045776367,59.93000030517578,4196700,0.0,0.0,61.34499893188477,54.29441976547241,35.0158220026036,61.636871910095216,64.78663369705325,58.487110123137185,0.005031011767345994,0.011303018306471908,0.12148248154849438
2025-02-27 00:00:00-05:00,60.22999954223633,60.63999938964844,59.65999984741211,60.27000045776367,6044100,0.0,0.0,61.3740200805664,54.35363010406494,34.43089925817624,61.50396728515625,64.64863896023044,58.35929561008206,0.005673288016962097,0.01133207163089049,0.12117102305594642
2025-02-28 00:00:00-05:00,60.27000045776367,61.900001525878906,60.099998474121094,61.810001373291016,17091600,0.0,0.0,61.44290702819824,54.420493583679196,45.48041546070382,61.41997871398926,64.42809795385817,58.41185947412035,0.025551699084630952,0.012329631912114628,0.11136737273633397
2025-03-03 00:00:00-05:00,61.939998626708984,62.4900016784668,61.52000045776367,61.869998931884766,13646800,0.0,0.0,61.512796783447264,54.488921318054196,41.5831355457194,61.41683731079102,64.42283198578916,58.410842635792875,0.0009706771923754243,0.011901795692719966,0.11537071785715247
2025-03-04 00:00:00-05:00,60.52000045776367,61.5,59.91999816894531,60.13999938964844,9172600,0.0,0.0,61.562867660522464,54.549510078430174,30.361774176794427,61.34099159240723,64.39760292044602,58.284380264368444,-0.027961848587405913,0.012857501244778018,0.10679514523990034
2025-03-05 00:00:00-05:00,60.0,61.38999938964844,59.97999954223633,61.0099983215332,12485400,0.0,0.0,61.62895889282227,54.615736904144285,37.266413714456284,61.30224056243897,64.35479805036682,58.249683074511104,0.014466227813672239,0.012745138377729445,0.10773666571228628
2025-03-06 00:00:00-05:00,60.630001068115234,60.650001525878906,59.459999084472656,59.52000045776367,8015000,0.0,0.0,61.64810417175293,54.67460918426514,31.33697345809911,61.174208641052246,64.30314461842079,58.0452726636837,-0.024422191522068037,0.01334563856236539,0.10288894805906502
2025-03-07 00:00:00-05:00,59.54999923706055,60.75,59.459999084472656,60.380001068115234,8670800,0.0,0.0,61.67183624267578,54.73701814651489,46.27659077987446,61.068975830078124,64.15359481323023,57.98435684692602,0.014448934874619734,0.013670581443825507,0.10044332923955143
2025-03-10 00:00:00-04:00,60.2599983215332,61.65999984741211,60.029998779296875,61.630001068115234,14401800,0.0,0.0,61.720174102783204,54.80605876922608,54.84819851678822,61.02131614685059,64.03609079367733,58.00654150002384,0.020702218911686776,0.014256952003252244,0.0963122210515289
2025-03-11 00:00:00-04:00,61.47999954223633,61.81999969482422,61.0,61.0099983215332,8285400,0.0,0.0,61.75197326660156,54.87519577026367,53.84615102463158,60.91112308502197,63.74409235040558,58.07815381963836,-0.01006008008821524,0.01433178572286712,0.09580932477014253
2025-03-12 00:00:00-04:00,61.119998931884766,61.7599983215332,60.77000045776367,61.25,6355000,0.0,0.0,61.78502494812012,54.94515113830566,59.0495501819792,60.78632411956787,63.294797242709286,58.27785099642646,0.003933808966883445,0.014355957622838693,0.09564800544366281
2025-03-13 00:00:00-04:00,61.779998779296875,61.779998779296875,60.79999923706055,61.41999816894531,8477800,0.0,0.0,61.811031341552734,55.01576564788818,59.80098286346761,60.681850051879884,62.865846800001,58.49785330375877,0.0027754803093111846,0.014365715855903334,0.09558303440158948
2025-03-14 00:00:00-04:00,61.529998779296875,61.75,61.060001373291016,61.52000045776367,5876600,0.0,0.0,61.82208877563477,55.088025150299075,61.40703660153822,60.57399997711182,62.30030890530262,58.847691048921014,0.0016281714718273665,0.014258355087844989,0.09630274350712649
2025-03-17 00:00:00-04:00,61.56999969482422,62.13999938964844,61.52000045776367,62.13999938964844,3530200,0.0,0.0,61.83805702209472,55.16529293060303,62.315989498537576,60.626999855041504,62.47921409134462,58.774785618738385,0.010078005969951676,0.013673293691052794,0.10042340520753801
2025-03-18 00:00:00-04:00,62.29999923706055,62.310001373291016,61.470001220703125,62.04999923706055,6395000,0.0,0.0,61.864838485717776,55.24215843200684,60.621237620867234,60.69749984741211,62.656079717805326,58.738919977018895,-0.0014483449223027245,0.0136489747277518,0.10060233389298993
2025-03-19 00:00:00-04:00,62.029998779296875,62.869998931884766,61.900001525878906,62.66999816894531,4569100,0.0,0.0,61.88253807067871,55.31778253555298,61.69589719203286,60.82049980163574,62.95155734123653,58.68944226203495,0.009991924891345594,0.013760491009680315,0.09978704334694873
2025-03-20 00:00:00-04:00,62.77000045776367,63.34000015258789,62.56999969482422,63.29999923706055,4947300,0.0,0.0,61.90101280212402,55.39722457885742,57.96790431513729,61.01249980926514,63.31267622430498,58.712323394225294,0.010052674110774484,0.013849500227495969,0.09914572297216619
2025-03-21 00:00:00-04:00,63.119998931884766,63.4900016784668,62.56999969482422,62.939998626708984,10702400,0.0,0.0,61.91839698791504,55.47687030792236,55.544038992920086,61.18699970245361,63.51740282924584,58.856596575661385,-0.005687213502220567,0.013853403039696763,0.09911779141367737
2025-03-24 00:00:00-04:00,63.099998474121094,63.59000015258789,62.779998779296875,63.380001068115234,4664100,0.0,0.0,61.94950828552246,55.5567600440979,69.37799021229509,61.393499755859374,63.73311918891752,59.05388032280123,0.00699082381643934,0.013905295034723802,0.0987479021070294
2025-03-25 00:00:00-04:00,63.54999923706055,63.779998779296875,63.11000061035156,63.439998626708984,3339000,0.0,0.0,61.98714073181152,55.637903938293455,66.09271074804414,61.58399963378906,63.9394218943668,59.22857737321132,0.0009466323380031838,0.013788240461139599,0.09958621745307011
2025-03-26 00:00:00-04:00,63.560001373291016,63.84000015258789,63.34000015258789,63.56999969482422,1976200,0.0,0.0,62.012197952270505,55.720985908508304,82.71401570125343,61.76599960327148,64.14569747473003,59.38630173181293,0.0020491972088489963,0.01370632571577053,0.10018138641476719
2025-03-27 00:00:00-04:00,63.52000045776367,63.900001525878906,63.33000183105469,63.5,2747300,0.0,0.0,62.03073104858399,55.80433809280395,78.88885042798742,61.9274995803833,64.31810260440169,59.536896556364916,-0.0011011435450725138,0.01369024505951809,0.10029906016208325
2025-03-28 00:00:00-04:00,63.380001068115234,63.84000015258789,63.25,63.619998931884766,2971600,0.0,0.0,62.05540863037109,55.88972148895264,73.30205939843981,62.017999458312985,64.52412299270145,59.511875923924514,0.0018897469588152749,0.013686118781824222,0.10032929969026945
2025-03-31 00:00:00-04:00,63.400001525878906,64.30999755859375,63.400001525878906,63.689998626708984,5886000,0.0,0.0,62.06039863586426,55.9747392654419,86.02149765785869,62.1089994430542,64.72237270881874,59.49562617728967,0.001100278151515921,0.011304919227414867,0.12146205428238725
